instname,status,pobj,dobj,niters,runtime,gctime,bytes
expdesign_D_8_4.cbf,OPTIMAL,0.8409607563509032,0.8409607425690073,-1,25.821435954,1.587894697,3008783061
port_12_9_3_a_1.cbf,OPTIMAL,-0.040560804398858175,-0.04056080851887689,-1,3.75730888,0.316763966,649199748
tls4.cbf,OPTIMAL,1.7093311217137643,1.7093306846711127,-1,0.259338701,0.0,12186032
ck_n25_m10_o1_1.cbf,OPTIMAL,12280.743025341872,12280.743024743944,-1,0.832969172,0.020814756,58570937
rsyn0805h.cbf,SLOW_PROGRESS,-1361.0645899220683,-1361.0645899548508,-1,0.255885029,0.0,17233957
infeas_clean_10_10_1.cbf,UnSolved,NaN,NaN,-1,0.191415578,0.0,13538625
HMCR-n20-m400.cbf,UnSolved,NaN,NaN,-1,NaN,NaN,-1
