RorC,PorW,HorI,n,half_deg,dim_cone,num_vars,bar_par,status,p_obj,d_obj,iters,corr_steps,avg_aff_ls,avg_comb_ls,t_interp,t_data,t_model,t_solve,frac_t_aff,frac_t_comb,frac_t_dir
c,w,i,4,5,15876,15875,686,TimeLimit,-5572.125772,-5295.473847,26,2,2.230769,3.730769,1346.441061,0.408826,38.023132,1833.259629,0.271056,0.283664,0.429184
c,p,i,4,5,55076,15876,686,TimeLimit,187423.664375,17.034208,6,0,2.666667,2.666667,1346.441061,16.601971,1654.210254,1994.351385,0.012948,0.015707,0.971345
c,w,i,5,4,15876,15875,686,TimeLimit,-2745.472109,-2660.874262,25,2,2.200000,3.880000,1312.096347,0.001748,31.534001,1874.907514,0.280724,0.300383,0.402409
c,p,i,5,4,47236,15876,686,TimeLimit,88650.143275,6.482679,7,0,2.714286,2.857143,1312.096347,14.112531,1330.997389,1967.116767,0.011910,0.015330,0.972760
c,w,i,12,2,8281,8280,403,Optimal,-92.958063,-92.956034,47,4,2.234043,4.085106,447.199203,0.001759,9.908335,1070.962380,0.323986,0.385783,0.270199
c,p,i,12,2,12337,8281,403,Optimal,-93.873467,-93.764470,38,4,2.078947,4.342105,447.199203,2.371360,96.753578,1014.914186,0.022182,0.025622,0.950708
