RorC,PorW,HorI,n,half_deg,dim_cone,num_vars,bar_par,status,p_obj,d_obj,iters,corr_steps,avg_aff_ls,avg_comb_ls,t_interp,t_data,t_model,t_solve,frac_t_aff,frac_t_comb,frac_t_dir
c,w,i,8,3,27225,27224,885,Optimal,-418.232734,-418.226118,51,3,2.333333,3.686275,7715.243763,0.500384,126.271987,16477.710302,0.245008,0.371958,0.370755
c,w,i,16,2,23409,23408,697,Optimal,-137.076707,-137.073678,45,3,2.333333,3.777778,4220.340588,0.001963,93.100762,12191.264815,0.303220,0.379210,0.302310
c,p,i,16,2,32657,23409,697,Optimal,-140.242025,-140.781058,37,3,2.216216,3.972973,4220.340588,18.343327,1759.061959,19172.539824,0.008934,0.010879,0.979730
