stepper,use_corr,use_curve_search,shift,time_geomean_thisconv,iters_geomean_thisconv,time_geomean_allconv,iters_geomean_allconv,time_geomean_all,iters_geomean_all,optimal,infeasible,numerical,slowprogress,killed,setup,timelimit,iterationlimit,skip,total
Hypatia.Solvers.PredOrCentStepper{Float64},false,false,0,0.09285640585430319,44.28224834626719,0.08135450604660943,41.86505360571128,0.8969516696909063,65.90522965580809,171,0,27,0,0,0,0,19,0,222
Hypatia.Solvers.PredOrCentStepper{Float64},true,false,0,0.17987089027527928,27.152277441337873,0.16995599518009546,23.605869891490958,1.001090878911805,41.06631494051307,179,0,25,0,0,0,0,11,0,220
Hypatia.Solvers.PredOrCentStepper{Float64},true,true,0,0.06604186880224137,24.691180550750403,0.05182266938584837,21.455598075200037,0.2840897198637572,34.36925852299912,186,0,18,0,0,0,0,8,0,217
Hypatia.Solvers.CombinedStepper{Float64},true,true,0,0.06641631491391149,16.143856640667657,0.05070114844728774,14.322031267497353,0.49361445180107427,27.659024907473782,184,0,11,29,0,0,0,0,0,229
Hypatia.Solvers.CombinedStepper{Float64},true,true,1,0.056317146902793734,15.861962200372655,0.04347665164790271,14.44235104713219,0.45237770516031983,27.600659178669716,183,0,18,23,0,0,0,0,0,229
Hypatia.Solvers.CombinedStepper{Float64},true,true,2,0.05958469770546611,15.61889753760387,0.04701443786794641,14.264631509916969,0.5417099821940022,28.27071574227686,180,0,21,23,0,0,0,0,0,229
Hypatia.Solvers.CombinedStepper{Float64},true,true,3,0.060315423769931056,15.71931431214129,0.046636232023493575,14.39660673880168,0.5984245318718029,29.1083772645905,178,0,20,26,0,0,0,0,0,229
