corr,comb,solve_time_mean,iters_mean
true,true,18.210612521033,48.12068100780293
true,false,24.062770059218973,55.304679997886566
false,false,18.210612521033,48.12068100780293
false,true,24.062770059218973,55.304679997886566
