x,nat,ext,mosek
3,8.419743061065674,0.945551872253418,
20,,,
40,,,
60,,,
80,,,
100,,,
120,,,
140,,,
160,,,
180,,,
200,,,
220,,,
