instname,status,pobj,dobj,niters,runtime,gctime,bytes
expdesign_D_8_4.cbf,OPTIMAL,0.840960777541661,0.8409605557264079,-1,21.544733531,1.469489643,3008657776
port_12_9_3_a_1.cbf,OPTIMAL,-0.04056082471572163,-0.04056085082395122,-1,3.529308161,0.299471832,648105244
tls4.cbf,OPTIMAL,1.709331176339922,1.709330393342889,-1,0.203695376,0.008830193,12101536
ck_n25_m10_o1_1.cbf,OPTIMAL,12280.743025831824,12280.743022367922,-1,0.693755868,0.028674725,58374027
rsyn0805h.cbf,OPTIMAL,-1361.0645896968724,-1361.0645900396084,-1,0.249941585,0.008236968,17029006
2x3_3bars.cbf,OPTIMAL,0.1644710521205381,0.16447103083894496,-1,0.043842871,0.0,2975005
HMCR-n20-m400.cbf,OPTIMAL,0.034574291141840074,0.03457429113300647,-1,20.073797549,0.500591417,1223253449
